{"category_encoded": 0.5919690597802401, "source_encoded": 0.1623362503014505, "age_hours": 0.2419488001614809, "title_length": 0.0324108868589974, "content_length": 0.009569572197506204, "has_image": 0.0, "total_votes": 0.013022232800722122, "vote_ratio": 0.08936828095465899, "comment_count": 0.0005029320018365979, "engagement_score": 0.0, "user_category_pref": 0.03199820696627942, "user_source_pref": 0.213377811056489, "interaction_recency": 0.6813576185522834}